{
    "basePokemonName": "Torchic",
    "pokemonName": "Combusken",
    "pokemonID": 210174624208566463,
    "personalityValue": 146847935,
    "gender": 2,
    "ratioFemale": 0.0,
    "nature": {
        "instanceID": 25232
    },
    "hasGender": true,
    "hp": 79.0,
    "maxHp": 79.0,
    "baseHp": 60.0,
    "baseAttack": 85.0,
    "baseDefense": 60.0,
    "baseSpecialAttack": 85.0,
    "baseSpecialDefense": 60.0,
    "baseSpeed": 55.0,
    "attack": 51.0,
    "defense": 47.0,
    "specialAttack": 54.0,
    "specialDefense": 39.0,
    "speed": 45.0,
    "hpIv": 27.0,
    "attackIv": 16.0,
    "defenseIv": 30.0,
    "specialAttackIv": 6.0,
    "specialDefenseIv": 2.0,
    "speedIv": 21.0,
    "hpEv": 0.0,
    "attackEv": 0.0,
    "defenseEv": 0.0,
    "specialAttackEv": 0.0,
    "specialDefenseEv": 0.0,
    "speedEv": 0.0,
    "effortValues": [
        {
            "stat": 1,
            "eVAmount": 1
        },
        {
            "stat": 3,
            "eVAmount": 1
        }
    ],
    "accuracy": 100.0,
    "evasion": 100.0,
    "critChance": 6.25,
    "catchRate": 45.0,
    "currentLevel": 28,
    "currentExpAmount": 15245,
    "currentLevelExpAmount": 9,
    "nextLevelExpAmount": 17242,
    "expGroup": 3,
    "expYield": 142,
    "friendshipLevel": 223,
    "hasTrainer": true,
    "canBeFlinched": true,
    "canBeInfatuated": true,
    "types": [
        {
            "instanceID": 26560
        },
        {
            "instanceID": 26374
        }
    ],
    "statusEffect": 0,
    "buffAndDebuffs": [],
    "evolutionLineLevels": [
        16,
        30
    ],
    "currentEvolutionLineIndex": 0,
    "friendshipEvolutionRequirement": {
        "friendshipRequirement": 0,
        "evolutionIndex": 0
    },
    "requiresEvolutionStone": false,
    "evolutionStone": 0,
    "abilities": [
        2
    ],
    "splitEvolution": false,
    "requiresFriendshipEvolution": false,
    "learnSet": [
        {
            "learnSetMove": 14,
            "requiredLevel": 1
        },
        {
            "learnSetMove": 45,
            "requiredLevel": 1
        },
        {
            "learnSetMove": 50,
            "requiredLevel": 1
        },
        {
            "learnSetMove": 61,
            "requiredLevel": 1
        },
        {
            "learnSetMove": 45,
            "requiredLevel": 7
        },
        {
            "learnSetMove": 14,
            "requiredLevel": 13
        },
        {
            "learnSetMove": 11,
            "requiredLevel": 16
        },
        {
            "learnSetMove": 21,
            "requiredLevel": 17
        },
        {
            "learnSetMove": 34,
            "requiredLevel": 21
        },
        {
            "learnSetMove": 9,
            "requiredLevel": 28
        },
        {
            "learnSetMove": 60,
            "requiredLevel": 32
        },
        {
            "learnSetMove": 64,
            "requiredLevel": 39
        },
        {
            "learnSetMove": 20,
            "requiredLevel": 43
        },
        {
            "learnSetMove": 12,
            "requiredLevel": 50
        }
    ],
    "learnableTms": [
        3,
        6,
        8,
        11,
        2,
        1
    ],
    "learnableHms": [],
    "moveSet": [
        {
            "instanceID": -36446
        },
        {
            "instanceID": -36448
        },
        {
            "instanceID": -36450
        },
        {
            "instanceID": -36452
        }
    ],
    "ability": {
        "instanceID": 26000
    },
    "evolutions": [
        {
            "instanceID": 26834
        },
        {
            "instanceID": 25970
        }
    ],
    "heldItem": {
        "instanceID": 0
    },
    "hasItem": false,
    "frontPicture": {
        "instanceID": 32112
    },
    "backPicture": {
        "instanceID": 32114
    },
    "pokeballName": "Regular Pokeball",
    "healthPhase": 1,
    "abilityName": "Blaze",
    "natureName": "Timid",
    "evolutionNames": [
        "Combusken",
        "Blaziken"
    ],
    "typeNames": [
        "fire",
        "fighting"
    ],
    "moveData": [
        {
            "moveName": "fire spin",
            "powerPoints": 15,
            "maxPowerpoints": 15
        },
        {
            "moveName": "focus energy",
            "powerPoints": 30,
            "maxPowerpoints": 30
        },
        {
            "moveName": "ember",
            "powerPoints": 25,
            "maxPowerpoints": 25
        },
        {
            "moveName": "double kick",
            "powerPoints": 30,
            "maxPowerpoints": 30
        }
    ]
}