{
    "basePokemonName": "Treecko",
    "pokemonName": "Grovyle",
    "pokemonID": 210174626160877447,
    "personalityValue": 2099158919,
    "gender": 2,
    "ratioFemale": 12.5,
    "nature": {
        "instanceID": 26028
    },
    "hasGender": true,
    "hp": 15.0,
    "maxHp": 48.0,
    "baseHp": 50.0,
    "baseAttack": 65.0,
    "baseDefense": 45.0,
    "baseSpecialAttack": 85.0,
    "baseSpecialDefense": 65.0,
    "baseSpeed": 95.0,
    "attack": 40.0,
    "defense": 23.0,
    "specialAttack": 41.0,
    "specialDefense": 29.0,
    "speed": 500.0,
    "hpIv": 12.0,
    "attackIv": 10.0,
    "defenseIv": 14.0,
    "specialAttackIv": 13.0,
    "specialDefenseIv": 24.0,
    "speedIv": 23.0,
    "hpEv": 0.0,
    "attackEv": 0.0,
    "defenseEv": 0.0,
    "specialAttackEv": 0.0,
    "specialDefenseEv": 0.0,
    "speedEv": 0.0,
    "effortValues": [
        {
            "stat": 5,
            "eVAmount": 2
        }
    ],
    "accuracy": 100.0,
    "evasion": 100.0,
    "critChance": 6.25,
    "catchRate": 45.0,
    "currentLevel": 18,
    "currentExpAmount": 3000,
    "currentLevelExpAmount": 3000,
    "nextLevelExpAmount": 3798,
    "expGroup": 3,
    "expYield": 141,
    "friendshipLevel": 180,
    "hasTrainer": true,
    "canBeFlinched": true,
    "canBeInfatuated": true,
    "types": [
        {
            "instanceID": 26314
        }
    ],
    "statusEffect": 0,
    "buffAndDebuffs": [],
    "evolutionLineLevels": [
        16,
        30
    ],
    "friendshipEvolutionRequirement": {
        "friendshipRequirement": 0,
        "evolutionIndex": 0
    },
    "requiresEvolutionStone": false,
    "evolutionStone": 0,
    "abilities": [
        4
    ],
    "splitEvolution": false,
    "requiresFriendshipEvolution": false,
    "learnSet": [
        {
            "learnSetMove": 23,
            "requiredLevel": 1
        },
        {
            "learnSetMove": 53,
            "requiredLevel": 1
        },
        {
            "learnSetMove": 58,
            "requiredLevel": 1
        },
        {
            "learnSetMove": 60,
            "requiredLevel": 1
        },
        {
            "learnSetMove": 23,
            "requiredLevel": 6
        },
        {
            "learnSetMove": 60,
            "requiredLevel": 11
        },
        {
            "learnSetMove": 0,
            "requiredLevel": 16
        },
        {
            "learnSetMove": 89,
            "requiredLevel": 17
        },
        {
            "learnSetMove": 62,
            "requiredLevel": 23
        },
        {
            "learnSetMove": 25,
            "requiredLevel": 29
        },
        {
            "learnSetMove": 73,
            "requiredLevel": 35
        },
        {
            "learnSetMove": 63,
            "requiredLevel": 41
        },
        {
            "learnSetMove": 10,
            "requiredLevel": 47
        },
        {
            "learnSetMove": 47,
            "requiredLevel": 53
        }
    ],
    "learnableTms": [
        1,
        3,
        11,
        12,
        10
    ],
    "learnableHms": [],
    "moveSet": [
        {
            "instanceID": -4994
        },
        {
            "instanceID": -4996
        },
        {
            "instanceID": -4998
        },
        {
            "instanceID": -5000
        }
    ],
    "ability": {
        "instanceID": 25658
    },
    "evolutions": [
        {
            "instanceID": 26592
        },
        {
            "instanceID": 25106
        }
    ],
    "heldItem": {
        "instanceID": -5004
    },
    "hasItem": true,
    "frontPicture": {
        "instanceID": 32342
    },
    "backPicture": {
        "instanceID": 32238
    },
    "pokeballName": "Regular Pokeball",
    "healthPhase": 2,
    "abilityName": "Overgrow",
    "natureName": "Rash",
    "evolutionNames": [
        "Grovyle",
        "Sceptile"
    ],
    "typeNames": [
        "grass"
    ],
    "moveData": [
        {
            "moveName": "pursuit",
            "powerPoints": 20,
            "maxPowerpoints": 20
        },
        {
            "moveName": "absorb",
            "powerPoints": 25,
            "maxPowerpoints": 25
        },
        {
            "moveName": "quick attack",
            "powerPoints": 29,
            "maxPowerpoints": 30
        },
        {
            "moveName": "sandstorm",
            "powerPoints": 10,
            "maxPowerpoints": 10
        }
    ]
}