{
    "basePokemonName": "Wurmple",
    "pokemonName": "Dustox",
    "pokemonID": 210174625927972866,
    "personalityValue": 1866254338,
    "gender": 1,
    "ratioFemale": 50.0,
    "nature": {
        "instanceID": 26376
    },
    "hasGender": true,
    "hp": 91.0,
    "maxHp": 91.0,
    "baseHp": 60.0,
    "baseAttack": 50.0,
    "baseDefense": 70.0,
    "baseSpecialAttack": 50.0,
    "baseSpecialDefense": 90.0,
    "baseSpeed": 65.0,
    "attack": 44.0,
    "defense": 52.0,
    "specialAttack": 38.0,
    "specialDefense": 76.0,
    "speed": 55.0,
    "hpIv": 19.0,
    "attackIv": 15.0,
    "defenseIv": 1.0,
    "specialAttackIv": 11.0,
    "specialDefenseIv": 30.0,
    "speedIv": 3.0,
    "hpEv": 0.0,
    "attackEv": 0.0,
    "defenseEv": 0.0,
    "specialAttackEv": 0.0,
    "specialDefenseEv": 0.0,
    "speedEv": 0.0,
    "effortValues": [
        {
            "stat": 4,
            "eVAmount": 3
        }
    ],
    "accuracy": 100.0,
    "evasion": 100.0,
    "critChance": 6.25,
    "catchRate": 45.0,
    "currentLevel": 34,
    "currentExpAmount": 28750,
    "currentLevelExpAmount": 0,
    "nextLevelExpAmount": 31443,
    "expGroup": 1,
    "expYield": 160,
    "friendshipLevel": 201,
    "hasTrainer": true,
    "canBeFlinched": true,
    "canBeInfatuated": true,
    "types": [
        {
            "instanceID": 26740
        },
        {
            "instanceID": 26666
        }
    ],
    "statusEffect": 0,
    "buffAndDebuffs": [],
    "evolutionLineLevels": [
        5,
        13
    ],
    "currentEvolutionLineIndex": 0,
    "friendshipEvolutionRequirement": {
        "friendshipRequirement": 0,
        "evolutionIndex": 0
    },
    "requiresEvolutionStone": false,
    "evolutionStone": 0,
    "abilities": [
        6
    ],
    "splitEvolution": true,
    "requiresFriendshipEvolution": false,
    "learnSet": [
        {
            "learnSetMove": 74,
            "requiredLevel": 1
        },
        {
            "learnSetMove": 74,
            "requiredLevel": 10
        },
        {
            "learnSetMove": 19,
            "requiredLevel": 13
        },
        {
            "learnSetMove": 59,
            "requiredLevel": 17
        },
        {
            "learnSetMove": 56,
            "requiredLevel": 20
        },
        {
            "learnSetMove": 76,
            "requiredLevel": 24
        },
        {
            "learnSetMove": 69,
            "requiredLevel": 27
        },
        {
            "learnSetMove": 75,
            "requiredLevel": 31
        },
        {
            "learnSetMove": 2,
            "requiredLevel": 34
        },
        {
            "learnSetMove": 72,
            "requiredLevel": 38
        }
    ],
    "learnableTms": [
        12,
        9,
        11
    ],
    "learnableHms": [
        1
    ],
    "moveSet": [
        {
            "instanceID": -36430
        },
        {
            "instanceID": -36432
        },
        {
            "instanceID": -36434
        },
        {
            "instanceID": -36436
        }
    ],
    "ability": {
        "instanceID": 25628
    },
    "evolutions": [
        {
            "instanceID": 26156
        },
        {
            "instanceID": 26274
        },
        {
            "instanceID": 26046
        },
        {
            "instanceID": 26296
        }
    ],
    "heldItem": {
        "instanceID": 0
    },
    "hasItem": false,
    "frontPicture": {
        "instanceID": 33886
    },
    "backPicture": {
        "instanceID": 34024
    },
    "pokeballName": "Great Ball",
    "healthPhase": 1,
    "abilityName": "Swarm",
    "natureName": "Jolly",
    "evolutionNames": [
        "Silcoon",
        "Beautifly",
        "Cascoon",
        "Dustox"
    ],
    "typeNames": [
        "bug",
        "poison"
    ],
    "moveData": [
        {
            "moveName": "silverwind",
            "powerPoints": 5,
            "maxPowerpoints": 5
        },
        {
            "moveName": "moonlight",
            "powerPoints": 5,
            "maxPowerpoints": 5
        },
        {
            "moveName": "whirlwind",
            "powerPoints": 20,
            "maxPowerpoints": 20
        },
        {
            "moveName": "protect",
            "powerPoints": 10,
            "maxPowerpoints": 10
        }
    ]
}