{
    "basePokemonName": "Torchic",
    "pokemonName": "Torchic",
    "pokemonID": 210174624208566463,
    "personalityValue": 146847935,
    "gender": 2,
    "ratioFemale": 0.0,
    "nature": {
        "instanceID": 25190
    },
    "hasGender": true,
    "hp": 14.0,
    "maxHp": 14.0,
    "baseHp": 45.0,
    "baseAttack": 60.0,
    "baseDefense": 40.0,
    "baseSpecialAttack": 70.0,
    "baseSpecialDefense": 50.0,
    "baseSpeed": 45.0,
    "attack": 6.0,
    "defense": 7.0,
    "specialAttack": 7.0,
    "specialDefense": 7.0,
    "speed": 7.0,
    "hpIv": 27.0,
    "attackIv": 16.0,
    "defenseIv": 30.0,
    "specialAttackIv": 6.0,
    "specialDefenseIv": 2.0,
    "speedIv": 21.0,
    "hpEv": 0.0,
    "attackEv": 0.0,
    "defenseEv": 0.0,
    "specialAttackEv": 0.0,
    "specialDefenseEv": 0.0,
    "speedEv": 0.0,
    "effortValues": [
        {
            "stat": 5,
            "eVAmount": 1
        }
    ],
    "accuracy": 100.0,
    "evasion": 100.0,
    "critChance": 6.25,
    "catchRate": 45.0,
    "currentLevel": 2,
    "currentExpAmount": 0,
    "currentLevelExpAmount": 0,
    "nextLevelExpAmount": 9,
    "expGroup": 3,
    "expYield": 65,
    "friendshipLevel": 128,
    "hasTrainer": true,
    "canBeFlinched": true,
    "canBeInfatuated": true,
    "types": [
        {
            "instanceID": 26368
        }
    ],
    "statusEffect": 0,
    "buffAndDebuffs": [],
    "evolutionLineLevels": [
        16,
        30
    ],
    "friendshipEvolutionRequirement": {
        "friendshipRequirement": 0,
        "evolutionIndex": 0
    },
    "requiresEvolutionStone": false,
    "evolutionStone": 0,
    "abilities": [
        2
    ],
    "splitEvolution": false,
    "requiresFriendshipEvolution": false,
    "learnSet": [
        {
            "learnSetMove": 50,
            "requiredLevel": 1
        },
        {
            "learnSetMove": 61,
            "requiredLevel": 1
        },
        {
            "learnSetMove": 45,
            "requiredLevel": 7
        },
        {
            "learnSetMove": 14,
            "requiredLevel": 10
        },
        {
            "learnSetMove": 21,
            "requiredLevel": 16
        },
        {
            "learnSetMove": 34,
            "requiredLevel": 19
        },
        {
            "learnSetMove": 16,
            "requiredLevel": 25
        },
        {
            "learnSetMove": 60,
            "requiredLevel": 28
        },
        {
            "learnSetMove": 64,
            "requiredLevel": 34
        },
        {
            "learnSetMove": 20,
            "requiredLevel": 37
        },
        {
            "learnSetMove": 17,
            "requiredLevel": 43
        }
    ],
    "learnableTms": [
        3,
        6,
        8,
        11
    ],
    "learnableHms": [],
    "moveSet": [
        {
            "instanceID": -11242
        }
    ],
    "ability": {
        "instanceID": 25876
    },
    "evolutions": [
        {
            "instanceID": 26614
        },
        {
            "instanceID": 25846
        }
    ],
    "heldItem": {
        "instanceID": 0
    },
    "hasItem": false,
    "frontPicture": {
        "instanceID": 32164
    },
    "backPicture": {
        "instanceID": 32254
    },
    "pokeballName": "Regular Pokeball",
    "healthPhase": 1,
    "abilityName": "Blaze",
    "natureName": "Timid",
    "evolutionNames": [
        "Combusken",
        "Blaziken"
    ],
    "typeNames": [
        "fire"
    ],
    "moveData": [
        {
            "moveName": "growl",
            "powerPoints": 40,
            "maxPowerPoints": 40,
            "moveType": "normal"
        }
    ]
}