{
    "basePokemonName": "Mudkip",
    "pokemonName": "Marshtomp",
    "pokemonID": 210174625384733013,
    "personalityValue": 1323014485,
    "gender": 2,
    "ratioFemale": 12.5,
    "nature": {
        "instanceID": 25382
    },
    "hasGender": true,
    "hp": 75.0,
    "maxHp": 75.0,
    "baseHp": 70.0,
    "baseAttack": 85.0,
    "baseDefense": 70.0,
    "baseSpecialAttack": 60.0,
    "baseSpecialDefense": 70.0,
    "baseSpeed": 50.0,
    "attack": 46.0,
    "defense": 45.0,
    "specialAttack": 41.0,
    "specialDefense": 44.0,
    "speed": 10.0,
    "hpIv": 10.0,
    "attackIv": 8.0,
    "defenseIv": 17.0,
    "specialAttackIv": 20.0,
    "specialDefenseIv": 10.0,
    "speedIv": 27.0,
    "hpEv": 0.0,
    "attackEv": 1.0,
    "defenseEv": 0.0,
    "specialAttackEv": 0.0,
    "specialDefenseEv": 0.0,
    "speedEv": 3.0,
    "effortValues": [
        {
            "stat": 1,
            "eVAmount": 2
        }
    ],
    "accuracy": 100.0,
    "evasion": 100.0,
    "critChance": 6.25,
    "catchRate": 45.0,
    "currentLevel": 26,
    "currentExpAmount": 11826,
    "currentLevelExpAmount": 0,
    "nextLevelExpAmount": 13411,
    "expGroup": 3,
    "expYield": 143,
    "friendshipLevel": 222,
    "hasTrainer": true,
    "canBeFlinched": true,
    "canBeInfatuated": true,
    "types": [
        {
            "instanceID": 26282
        },
        {
            "instanceID": 25426
        }
    ],
    "statusEffect": 0,
    "buffAndDebuffs": [],
    "evolutionLineLevels": [
        16,
        30
    ],
    "currentEvolutionLineIndex": 0,
    "friendshipEvolutionRequirement": {
        "friendshipRequirement": 0,
        "evolutionIndex": 0
    },
    "requiresEvolutionStone": false,
    "evolutionStone": 0,
    "abilities": [
        5
    ],
    "splitEvolution": false,
    "requiresFriendshipEvolution": false,
    "learnSet": [
        {
            "learnSetMove": 50,
            "requiredLevel": 1
        },
        {
            "learnSetMove": 31,
            "requiredLevel": 1
        },
        {
            "learnSetMove": 67,
            "requiredLevel": 1
        },
        {
            "learnSetMove": 81,
            "requiredLevel": 1
        },
        {
            "learnSetMove": 31,
            "requiredLevel": 6
        },
        {
            "learnSetMove": 81,
            "requiredLevel": 10
        },
        {
            "learnSetMove": 41,
            "requiredLevel": 15
        },
        {
            "learnSetMove": 32,
            "requiredLevel": 16
        },
        {
            "learnSetMove": 46,
            "requiredLevel": 20
        },
        {
            "learnSetMove": 33,
            "requiredLevel": 25
        },
        {
            "learnSetMove": 68,
            "requiredLevel": 25
        },
        {
            "learnSetMove": 80,
            "requiredLevel": 37
        },
        {
            "learnSetMove": 59,
            "requiredLevel": 42
        },
        {
            "learnSetMove": 29,
            "requiredLevel": 46
        },
        {
            "learnSetMove": 44,
            "requiredLevel": 53
        }
    ],
    "learnableTms": [
        1,
        3,
        8,
        9,
        11,
        13,
        14
    ],
    "learnableHms": [
        0
    ],
    "moveSet": [
        {
            "instanceID": -4108
        },
        {
            "instanceID": -4110
        },
        {
            "instanceID": -4112
        },
        {
            "instanceID": -4114
        }
    ],
    "ability": {
        "instanceID": 25624
    },
    "evolutions": [
        {
            "instanceID": 25792
        },
        {
            "instanceID": 25706
        }
    ],
    "heldItem": {
        "instanceID": 0
    },
    "hasItem": false,
    "frontPicture": {
        "instanceID": 32424
    },
    "backPicture": {
        "instanceID": 32426
    },
    "pokeballName": "Pokeball",
    "healthPhase": 1,
    "abilityName": "Torrent",
    "natureName": "Timid",
    "evolutionNames": [
        "Marshtomp",
        "Swampert"
    ],
    "typeNames": [
        "water",
        "ground"
    ],
    "moveData": [
        {
            "moveName": "bide",
            "powerPoints": 10,
            "maxPowerpoints": 10
        },
        {
            "moveName": "hyper beam",
            "powerPoints": 5,
            "maxPowerpoints": 5
        },
        {
            "moveName": "surf",
            "powerPoints": 25,
            "maxPowerpoints": 25
        },
        {
            "moveName": "take down",
            "powerPoints": 20,
            "maxPowerpoints": 20
        }
    ]
}