{
    "basePokemonName": "Zubat",
    "pokemonName": "Zubat",
    "pokemonID": 210174624626809124,
    "personalityValue": 565090596,
    "gender": 1,
    "ratioFemale": 50.0,
    "nature": {
        "instanceID": 26342
    },
    "hasGender": true,
    "hp": 51.0,
    "maxHp": 51.0,
    "baseHp": 40.0,
    "baseAttack": 45.0,
    "baseDefense": 35.0,
    "baseSpecialAttack": 30.0,
    "baseSpecialDefense": 40.0,
    "baseSpeed": 55.0,
    "attack": 29.0,
    "defense": 20.0,
    "specialAttack": 22.0,
    "specialDefense": 27.0,
    "speed": 31.0,
    "hpIv": 19.0,
    "attackIv": 27.0,
    "defenseIv": 15.0,
    "specialAttackIv": 21.0,
    "specialDefenseIv": 14.0,
    "speedIv": 16.0,
    "hpEv": 0.0,
    "attackEv": 0.0,
    "defenseEv": 0.0,
    "specialAttackEv": 0.0,
    "specialDefenseEv": 0.0,
    "speedEv": 0.0,
    "effortValues": [
        {
            "stat": 5,
            "eVAmount": 1
        }
    ],
    "accuracy": 100.0,
    "evasion": 100.0,
    "critChance": 6.25,
    "catchRate": 225.0,
    "currentLevel": 21,
    "currentExpAmount": 8001,
    "currentLevelExpAmount": 0,
    "nextLevelExpAmount": 9261,
    "expGroup": 2,
    "expYield": 54,
    "friendshipLevel": 210,
    "hasTrainer": true,
    "canBeFlinched": true,
    "canBeInfatuated": true,
    "types": [
        {
            "instanceID": 26572
        },
        {
            "instanceID": 25528
        }
    ],
    "statusEffect": 0,
    "buffAndDebuffs": [],
    "evolutionLineLevels": [
        22
    ],
    "currentEvolutionLineIndex": 0,
    "friendshipEvolutionRequirement": {
        "friendshipRequirement": 0,
        "evolutionIndex": 0
    },
    "requiresEvolutionStone": false,
    "evolutionStone": 0,
    "abilities": [
        11
    ],
    "splitEvolution": false,
    "requiresFriendshipEvolution": false,
    "learnSet": [
        {
            "learnSetMove": 1,
            "requiredLevel": 1
        },
        {
            "learnSetMove": 65,
            "requiredLevel": 6
        },
        {
            "learnSetMove": 83,
            "requiredLevel": 11
        },
        {
            "learnSetMove": 86,
            "requiredLevel": 16
        },
        {
            "learnSetMove": 22,
            "requiredLevel": 21
        },
        {
            "learnSetMove": 84,
            "requiredLevel": 26
        },
        {
            "learnSetMove": 18,
            "requiredLevel": 31
        },
        {
            "learnSetMove": 54,
            "requiredLevel": 36
        },
        {
            "learnSetMove": 70,
            "requiredLevel": 41
        },
        {
            "learnSetMove": 85,
            "requiredLevel": 46
        }
    ],
    "learnableTms": [
        3,
        11,
        12
    ],
    "learnableHms": [
        1
    ],
    "moveSet": [
        {
            "instanceID": -51006
        },
        {
            "instanceID": -51008
        },
        {
            "instanceID": -51010
        },
        {
            "instanceID": -51012
        }
    ],
    "ability": {
        "instanceID": 25234
    },
    "evolutions": [
        {
            "instanceID": 26180
        },
        {
            "instanceID": 25320
        }
    ],
    "heldItem": {
        "instanceID": 0
    },
    "hasItem": false,
    "frontPicture": {
        "instanceID": 32562
    },
    "backPicture": {
        "instanceID": 33060
    },
    "pokeballName": "Pokeball",
    "healthPhase": 1,
    "abilityName": "Inner Focus",
    "natureName": "Gentle",
    "evolutionNames": [
        "Golbat",
        "Crobat"
    ],
    "typeNames": [
        "poison",
        "flying"
    ],
    "moveData": [
        {
            "moveName": "bite",
            "powerPoints": 25,
            "maxPowerpoints": 25
        },
        {
            "moveName": "fly",
            "powerPoints": 35,
            "maxPowerpoints": 35
        },
        {
            "moveName": "supersonic",
            "powerPoints": 20,
            "maxPowerpoints": 20
        },
        {
            "moveName": "astonish",
            "powerPoints": 15,
            "maxPowerpoints": 15
        }
    ]
}