{
    "basePokemonName": "Torchic",
    "pokemonName": "Combusken",
    "pokemonID": 3801252463243808178,
    "personalityValue": 1254502990,
    "gender": "Male",
    "genderRatio": "87,5/12,5",
    "nature": {
        "instanceID": 3452
    },
    "hasGender": true,
    "hp": 52.0,
    "maxHp": 52.0,
    "baseHp": 60.0,
    "baseAttack": 85.0,
    "baseDefense": 60.0,
    "baseSpecialAttack": 85.0,
    "baseSpecialDefense": 60.0,
    "baseSpeed": 55.0,
    "attack": 32.0,
    "defense": 30.0,
    "specialAttack": 41.0,
    "specialDefense": 28.0,
    "speed": 29.0,
    "hpIv": 18.0,
    "attackIv": 3.0,
    "defenseIv": 21.0,
    "specialAttackIv": 13.0,
    "specialDefenseIv": 11.0,
    "speedIv": 28.0,
    "hpEv": 0.0,
    "attackEv": 0.0,
    "defenseEv": 0.0,
    "specialAttackEv": 0.0,
    "specialDefenseEv": 0.0,
    "speedEv": 0.0,
    "effortValues": [
        "Speed1",
        "Attack1"
    ],
    "accuracy": 100.0,
    "evasion": 100.0,
    "critChance": 6.25,
    "catchRate": 45.0,
    "currentLevel": 18,
    "currentExpAmount": 3775,
    "nextLevelExpAmount": 3798.0,
    "expGroup": "Medium Slow",
    "expYield": 142,
    "friendshipLevel": 0,
    "hasTrainer": true,
    "canAttack": true,
    "isFlinched": false,
    "canBeDamaged": true,
    "immuneToStatReduction": false,
    "types": [
        {
            "instanceID": 3536
        },
        {
            "instanceID": 3534
        }
    ],
    "statusEffect": "None",
    "buffAndDebuffs": [],
    "evolutionLineLevels": [
        "16",
        "30"
    ],
    "friendshipEvolutionRequirement": "",
    "requiresEvolutionStone": false,
    "evolutionStoneName": "None",
    "abilities": [
        "Blaze"
    ],
    "splitEvolution": false,
    "requiresFriendshipEvolution": false,
    "learnSet": [
        "fire/flame thrower18"
    ],
    "moveSet": [
        {
            "instanceID": -126
        },
        {
            "instanceID": -128
        },
        {
            "instanceID": -130
        },
        {
            "instanceID": -132
        }
    ],
    "ability": {
        "instanceID": 3336
    },
    "evolutions": [
        {
            "instanceID": 3484
        },
        {
            "instanceID": 3482
        }
    ],
    "heldItem": {
        "instanceID": 0
    },
    "hasItem": false,
    "frontPicture": {
        "instanceID": 3192
    },
    "backPicture": {
        "instanceID": 3196
    },
    "pokeballName": "",
    "abilityName": "Blaze",
    "natureName": "Modest",
    "evolutionData": [
        "Combusken",
        "Blaziken"
    ],
    "typeData": [
        "Fire",
        "Fighting"
    ],
    "moveData": [
        "Flame thrower/Fire",
        "Ember/Fire",
        "Double kick/Fighting",
        "Focus Energy/Normal"
    ],
    "movePpData": [
        "20/20",
        "20/20",
        "20/20",
        "15/15"
    ]
}