{
    "basePokemonName": "Trapinch",
    "pokemonName": "Trapinch",
    "pokemonID": 3801252464017868288,
    "personalityValue": 480442880,
    "gender": "Male",
    "genderRatio": "50/50",
    "nature": {
        "instanceID": 3426
    },
    "hasGender": true,
    "hp": 45.0,
    "maxHp": 49.0,
    "baseHp": 45.0,
    "baseAttack": 100.0,
    "baseDefense": 45.0,
    "baseSpecialAttack": 45.0,
    "baseSpecialDefense": 45.0,
    "baseSpeed": 10.0,
    "attack": 37.0,
    "defense": 26.0,
    "specialAttack": 26.0,
    "specialDefense": 25.0,
    "speed": 13.0,
    "hpIv": 31.0,
    "attackIv": 6.0,
    "defenseIv": 17.0,
    "specialAttackIv": 29.0,
    "specialDefenseIv": 22.0,
    "speedIv": 27.0,
    "hpEv": 0.0,
    "attackEv": 0.0,
    "defenseEv": 0.0,
    "specialAttackEv": 0.0,
    "specialDefenseEv": 0.0,
    "speedEv": 0.0,
    "effortValues": [
        "Attack1"
    ],
    "accuracy": 100.0,
    "evasion": 100.0,
    "critChance": 6.25,
    "catchRate": 255.0,
    "currentLevel": 18,
    "currentExpAmount": 3765,
    "nextLevelExpAmount": 3798.0,
    "expGroup": "Medium Slow",
    "expYield": 73,
    "friendshipLevel": 0,
    "hasTrainer": true,
    "canAttack": true,
    "isFlinched": false,
    "canBeDamaged": true,
    "immuneToStatReduction": false,
    "types": [
        {
            "instanceID": 3544
        }
    ],
    "statusEffect": "None",
    "buffAndDebuffs": [],
    "evolutionLineLevels": [
        "20",
        "35"
    ],
    "friendshipEvolutionRequirement": "",
    "requiresEvolutionStone": false,
    "evolutionStoneName": "None",
    "abilities": [
        "Arena Trap"
    ],
    "splitEvolution": false,
    "requiresFriendshipEvolution": false,
    "learnSet": [
        "dark/bite01",
        "dark/crunch05",
        "normal/tackle06",
        "ground/magnitude07"
    ],
    "moveSet": [
        {
            "instanceID": -2028
        },
        {
            "instanceID": -2030
        },
        {
            "instanceID": -2032
        },
        {
            "instanceID": -2034
        }
    ],
    "ability": {
        "instanceID": 3334
    },
    "evolutions": [
        {
            "instanceID": 3492
        },
        {
            "instanceID": 3488
        }
    ],
    "heldItem": {
        "instanceID": 0
    },
    "hasItem": false,
    "frontPicture": {
        "instanceID": 3296
    },
    "backPicture": {
        "instanceID": 3300
    },
    "pokeballName": "",
    "abilityName": "Arena Trap",
    "natureName": "Bold",
    "evolutionData": [
        "Vibrava",
        "Flygon"
    ],
    "typeData": [
        "Ground"
    ],
    "moveData": [
        "Bite/Dark",
        "Crunch/Dark",
        "Tackle/Normal",
        "Magnitude/Ground"
    ],
    "movePpData": [
        "20/20",
        "20/20",
        "20/20",
        "15/15"
    ]
}