{
    "basePokemonName": "Mudkip",
    "pokemonName": "Marshtomp",
    "pokemonID": 3801252463757528010,
    "personalityValue": 740783158,
    "gender": "Male",
    "genderRatio": "87,5/12,5",
    "nature": {
        "instanceID": 3442
    },
    "hasGender": true,
    "hp": 56.0,
    "maxHp": 56.0,
    "baseHp": 70.0,
    "baseAttack": 85.0,
    "baseDefense": 70.0,
    "baseSpecialAttack": 60.0,
    "baseSpecialDefense": 70.0,
    "baseSpeed": 50.0,
    "attack": 39.0,
    "defense": 37.0,
    "specialAttack": 25.0,
    "specialDefense": 33.0,
    "speed": 23.0,
    "hpIv": 16.0,
    "attackIv": 22.0,
    "defenseIv": 21.0,
    "specialAttackIv": 11.0,
    "specialDefenseIv": 21.0,
    "speedIv": 4.0,
    "hpEv": 0.0,
    "attackEv": 0.0,
    "defenseEv": 0.0,
    "specialAttackEv": 0.0,
    "specialDefenseEv": 0.0,
    "speedEv": 0.0,
    "effortValues": [
        "Attack2"
    ],
    "accuracy": 100.0,
    "evasion": 100.0,
    "critChance": 6.25,
    "catchRate": 45.0,
    "currentLevel": 18,
    "currentExpAmount": 3775,
    "nextLevelExpAmount": 3798.0,
    "expGroup": "Medium Slow",
    "expYield": 143,
    "friendshipLevel": 11,
    "hasTrainer": true,
    "canAttack": true,
    "isFlinched": false,
    "canBeDamaged": true,
    "immuneToStatReduction": false,
    "types": [
        {
            "instanceID": 3558
        },
        {
            "instanceID": 3544
        }
    ],
    "statusEffect": "None",
    "buffAndDebuffs": [],
    "evolutionLineLevels": [
        "16",
        "30"
    ],
    "friendshipEvolutionRequirement": "",
    "requiresEvolutionStone": false,
    "evolutionStoneName": "None",
    "abilities": [
        "Torrent"
    ],
    "splitEvolution": false,
    "requiresFriendshipEvolution": false,
    "learnSet": [
        "fighting/brick break16"
    ],
    "moveSet": [
        {
            "instanceID": -146
        },
        {
            "instanceID": -148
        },
        {
            "instanceID": -150
        },
        {
            "instanceID": -152
        }
    ],
    "ability": {
        "instanceID": 3354
    },
    "evolutions": [
        {
            "instanceID": 3472
        },
        {
            "instanceID": 3476
        }
    ],
    "heldItem": {
        "instanceID": 0
    },
    "hasItem": false,
    "frontPicture": {
        "instanceID": 3232
    },
    "backPicture": {
        "instanceID": 3236
    },
    "pokeballName": "",
    "abilityName": "Torrent",
    "natureName": "Impish",
    "evolutionData": [
        "Marshtomp",
        "Swampert"
    ],
    "typeData": [
        "Water",
        "Ground"
    ],
    "moveData": [
        "Brick break/Fighting",
        "Bubble/Water",
        "Mud slap/Ground",
        "Water Gun/Water"
    ],
    "movePpData": [
        "15/15",
        "20/20",
        "24/24",
        "25/25"
    ]
}