{
    "basePokemonName": "Zigzagoon",
    "pokemonName": "Linoone",
    "pokemonID": 3801252464406868610,
    "personalityValue": 91442558,
    "gender": "Male",
    "genderRatio": "50/50",
    "nature": {
        "instanceID": 3442
    },
    "hasGender": true,
    "hp": 73.0,
    "maxHp": 73.0,
    "baseHp": 78.0,
    "baseAttack": 70.0,
    "baseDefense": 61.0,
    "baseSpecialAttack": 50.0,
    "baseSpecialDefense": 61.0,
    "baseSpeed": 100.0,
    "attack": 41.0,
    "defense": 38.0,
    "specialAttack": 28.0,
    "specialDefense": 34.0,
    "speed": 53.0,
    "hpIv": 18.0,
    "attackIv": 18.0,
    "defenseIv": 9.0,
    "specialAttackIv": 14.0,
    "specialDefenseIv": 5.0,
    "speedIv": 10.0,
    "hpEv": 0.0,
    "attackEv": 0.0,
    "defenseEv": 0.0,
    "specialAttackEv": 0.0,
    "specialDefenseEv": 0.0,
    "speedEv": 0.0,
    "effortValues": [
        "Speed2"
    ],
    "accuracy": 100.0,
    "evasion": 100.0,
    "critChance": 6.25,
    "catchRate": 90.0,
    "currentLevel": 23,
    "currentExpAmount": 10776,
    "nextLevelExpAmount": 12167.0,
    "expGroup": "Medium Fast",
    "expYield": 128,
    "friendshipLevel": 0,
    "hasTrainer": true,
    "canAttack": true,
    "isFlinched": false,
    "canBeDamaged": true,
    "immuneToStatReduction": false,
    "types": [
        {
            "instanceID": 3548
        }
    ],
    "statusEffect": "None",
    "buffAndDebuffs": [],
    "evolutionLineLevels": [
        "20"
    ],
    "friendshipEvolutionRequirement": "",
    "requiresEvolutionStone": false,
    "evolutionStoneName": "None",
    "abilities": [
        "Pickup"
    ],
    "splitEvolution": false,
    "requiresFriendshipEvolution": false,
    "learnSet": [],
    "moveSet": [
        {
            "instanceID": -136
        },
        {
            "instanceID": -138
        },
        {
            "instanceID": -140
        },
        {
            "instanceID": -142
        }
    ],
    "ability": {
        "instanceID": 3338
    },
    "evolutions": [
        {
            "instanceID": 3510
        }
    ],
    "heldItem": {
        "instanceID": 0
    },
    "hasItem": false,
    "frontPicture": {
        "instanceID": 3224
    },
    "backPicture": {
        "instanceID": 3228
    },
    "pokeballName": "",
    "abilityName": "Guts",
    "natureName": "Impish",
    "evolutionData": [
        "Linoone"
    ],
    "typeData": [
        "Normal"
    ],
    "moveData": [
        "Headbutt/Normal",
        "Tail whip/Normal",
        "Protect/Normal",
        "Surf/Water"
    ],
    "movePpData": [
        "25/25",
        "25/25",
        "10/10",
        "25/25"
    ]
}