{
    "basePokemonName": "Treecko",
    "pokemonName": "Grovyle",
    "pokemonID": 3801252464408196107,
    "personalityValue": 90115061,
    "gender": "Male",
    "genderRatio": "87,5/12,5",
    "nature": {
        "instanceID": 3440
    },
    "hasGender": true,
    "hp": 51.0,
    "maxHp": 51.0,
    "baseHp": 50.0,
    "baseAttack": 65.0,
    "baseDefense": 45.0,
    "baseSpecialAttack": 85.0,
    "baseSpecialDefense": 65.0,
    "baseSpeed": 95.0,
    "attack": 33.0,
    "defense": 24.0,
    "specialAttack": 40.0,
    "specialDefense": 32.0,
    "speed": 47.0,
    "hpIv": 21.0,
    "attackIv": 18.0,
    "defenseIv": 27.0,
    "specialAttackIv": 19.0,
    "specialDefenseIv": 14.0,
    "speedIv": 10.0,
    "hpEv": 0.0,
    "attackEv": 1.0,
    "defenseEv": 0.0,
    "specialAttackEv": 0.0,
    "specialDefenseEv": 0.0,
    "speedEv": 3.0,
    "effortValues": [
        "Speed2"
    ],
    "accuracy": 100.0,
    "evasion": 100.0,
    "critChance": 6.25,
    "catchRate": 45.0,
    "currentLevel": 19,
    "currentExpAmount": 3874,
    "nextLevelExpAmount": 4575.0,
    "expGroup": "Medium Slow",
    "expYield": 141,
    "friendshipLevel": 4,
    "hasTrainer": true,
    "canAttack": true,
    "isFlinched": false,
    "canBeDamaged": true,
    "immuneToStatReduction": false,
    "types": [
        {
            "instanceID": 3542
        }
    ],
    "statusEffect": "None",
    "buffAndDebuffs": [],
    "evolutionLineLevels": [
        "16",
        "30"
    ],
    "friendshipEvolutionRequirement": "",
    "requiresEvolutionStone": false,
    "evolutionStoneName": "None",
    "abilities": [
        "Overgrow"
    ],
    "splitEvolution": false,
    "requiresFriendshipEvolution": false,
    "learnSet": [
        "flying/arial ace16"
    ],
    "moveSet": [
        {
            "instanceID": -116
        },
        {
            "instanceID": -118
        },
        {
            "instanceID": -120
        },
        {
            "instanceID": -122
        }
    ],
    "ability": {
        "instanceID": 3342
    },
    "evolutions": [
        {
            "instanceID": 3494
        },
        {
            "instanceID": 3496
        }
    ],
    "heldItem": {
        "instanceID": 0
    },
    "hasItem": false,
    "frontPicture": {
        "instanceID": 3216
    },
    "backPicture": {
        "instanceID": 3220
    },
    "pokeballName": "",
    "abilityName": "Overgrow",
    "natureName": "Hasty",
    "evolutionData": [
        "Grovyle",
        "Sceptile"
    ],
    "typeData": [
        "Grass"
    ],
    "moveData": [
        "Arial Ace/Flying",
        "Absorb/Grass",
        "Quick attack/Normal",
        "Bullet seed/Grass"
    ],
    "movePpData": [
        "20/20",
        "20/20",
        "25/25",
        "20/20"
    ]
}