{
    "basePokemonName": "Torchic",
    "pokemonName": "Torchic",
    "pokemonID": 5581770941766235557,
    "personalityValue": 429061541,
    "gender": 2,
    "ratioFemale": 0.0,
    "nature": {
        "instanceID": 26582
    },
    "hasGender": true,
    "hp": 14.0,
    "maxHp": 14.0,
    "baseHp": 45.0,
    "baseAttack": 60.0,
    "baseDefense": 40.0,
    "baseSpecialAttack": 70.0,
    "baseSpecialDefense": 50.0,
    "baseSpeed": 45.0,
    "attack": 7.0,
    "defense": 5.0,
    "specialAttack": 8.0,
    "specialDefense": 7.0,
    "speed": 7.0,
    "hpIv": 16.0,
    "attackIv": 28.0,
    "defenseIv": 3.0,
    "specialAttackIv": 15.0,
    "specialDefenseIv": 7.0,
    "speedIv": 12.0,
    "hpEv": 0.0,
    "attackEv": 0.0,
    "defenseEv": 0.0,
    "specialAttackEv": 10.0,
    "specialDefenseEv": 0.0,
    "speedEv": 0.0,
    "effortValues": [
        {
            "stat": 5,
            "eVAmount": 1
        }
    ],
    "accuracy": 100.0,
    "evasion": 100.0,
    "critChance": 6.25,
    "catchRate": 45.0,
    "currentLevel": 2,
    "currentExpAmount": 0,
    "nextLevelExpAmount": 9.0,
    "expGroup": 3,
    "expYield": 65,
    "friendshipLevel": 255,
    "hasTrainer": true,
    "canBeFlinched": true,
    "types": [
        {
            "instanceID": 26366
        }
    ],
    "statusEffect": 0,
    "buffAndDebuffs": [],
    "evolutionLineLevels": [
        16,
        30
    ],
    "friendshipEvolutionRequirement": {
        "friendshipRequirement": 0,
        "evolutionIndex": 0
    },
    "requiresEvolutionStone": false,
    "evolutionStone": 0,
    "abilities": [
        2
    ],
    "splitEvolution": false,
    "requiresFriendshipEvolution": false,
    "learnSet": [
        {
            "learnSetMove": 61,
            "requiredLevel": 1
        },
        {
            "learnSetMove": 50,
            "requiredLevel": 2
        },
        {
            "learnSetMove": 14,
            "requiredLevel": 5
        }
    ],
    "learnableTms": [],
    "learnableHms": [],
    "moveSet": [
        {
            "instanceID": -9084
        },
        {
            "instanceID": -9086
        }
    ],
    "ability": {
        "instanceID": 25874
    },
    "evolutions": [
        {
            "instanceID": 26612
        },
        {
            "instanceID": 25844
        }
    ],
    "heldItem": {
        "instanceID": 0
    },
    "hasItem": false,
    "frontPicture": {
        "instanceID": 32162
    },
    "backPicture": {
        "instanceID": 32252
    },
    "pokeballName": "Regular Pokeball",
    "healthPhase": 1,
    "abilityName": "Blaze",
    "natureName": "Mild",
    "evolutionNames": [
        "Combusken",
        "Blaziken"
    ],
    "typeNames": [
        "fire"
    ],
    "moveData": [
        {
            "moveName": "scratch",
            "powerPoints": 35,
            "maxPowerPoints": 35,
            "moveType": "normal"
        },
        {
            "moveName": "growl",
            "powerPoints": 40,
            "maxPowerPoints": 40,
            "moveType": "normal"
        }
    ]
}