{
    "basePokemonName": "Treecko",
    "pokemonName": "Treecko",
    "pokemonID": 7887074061546032046,
    "personalityValue": 1269173166,
    "gender": 2,
    "ratioFemale": 12.5,
    "nature": {
        "instanceID": 26744
    },
    "hasGender": true,
    "hp": 13.0,
    "maxHp": 13.0,
    "baseHp": 40.0,
    "baseAttack": 45.0,
    "baseDefense": 35.0,
    "baseSpecialAttack": 65.0,
    "baseSpecialDefense": 55.0,
    "baseSpeed": 70.0,
    "attack": 7.0,
    "defense": 6.0,
    "specialAttack": 8.0,
    "specialDefense": 7.0,
    "speed": 7.0,
    "hpIv": 10.0,
    "attackIv": 10.0,
    "defenseIv": 17.0,
    "specialAttackIv": 24.0,
    "specialDefenseIv": 20.0,
    "speedIv": 4.0,
    "hpEv": 0.0,
    "attackEv": 0.0,
    "defenseEv": 0.0,
    "specialAttackEv": 0.0,
    "specialDefenseEv": 0.0,
    "speedEv": 0.0,
    "effortValues": [
        {
            "stat": 5,
            "eVAmount": 1
        }
    ],
    "accuracy": 100.0,
    "evasion": 100.0,
    "critChance": 6.25,
    "catchRate": 45.0,
    "currentLevel": 2,
    "currentExpAmount": 0,
    "currentLevelExpAmount": 0,
    "nextLevelExpAmount": 9,
    "expGroup": 3,
    "expYield": 65,
    "friendshipLevel": 128,
    "hasTrainer": true,
    "canBeFlinched": true,
    "canBeInfatuated": true,
    "types": [
        {
            "instanceID": 26442
        }
    ],
    "statusEffect": 0,
    "buffAndDebuffs": [],
    "evolutionLineLevels": [
        16,
        30
    ],
    "currentEvolutionLineIndex": 0,
    "friendshipEvolutionRequirement": {
        "friendshipRequirement": 0,
        "evolutionIndex": 0
    },
    "requiresEvolutionStone": false,
    "evolutionStone": 0,
    "abilities": [
        4
    ],
    "splitEvolution": false,
    "requiresFriendshipEvolution": false,
    "learnSet": [
        {
            "learnSetMove": 53,
            "requiredLevel": 1
        },
        {
            "learnSetMove": 58,
            "requiredLevel": 1
        },
        {
            "learnSetMove": 23,
            "requiredLevel": 6
        },
        {
            "learnSetMove": 60,
            "requiredLevel": 11
        },
        {
            "learnSetMove": 89,
            "requiredLevel": 16
        },
        {
            "learnSetMove": 62,
            "requiredLevel": 21
        },
        {
            "learnSetMove": 26,
            "requiredLevel": 26
        },
        {
            "learnSetMove": 73,
            "requiredLevel": 31
        },
        {
            "learnSetMove": 63,
            "requiredLevel": 36
        },
        {
            "learnSetMove": 10,
            "requiredLevel": 41
        },
        {
            "learnSetMove": 24,
            "requiredLevel": 46
        }
    ],
    "learnableTms": [
        1,
        3,
        11,
        12
    ],
    "learnableHms": [],
    "moveSet": [
        {
            "instanceID": -38498
        }
    ],
    "ability": {
        "instanceID": 25734
    },
    "evolutions": [
        {
            "instanceID": 26742
        },
        {
            "instanceID": 25136
        }
    ],
    "heldItem": {
        "instanceID": 0
    },
    "hasItem": false,
    "frontPicture": {
        "instanceID": -7110
    },
    "backPicture": {
        "instanceID": -7138
    },
    "partyFrame1": {
        "instanceID": -9130
    },
    "partyFrame2": {
        "instanceID": -9312
    },
    "pokeballName": "Regular Pokeball",
    "healthPhase": 0,
    "abilityName": "Overgrow",
    "natureName": "Mild",
    "evolutionNames": [
        "Grovyle",
        "Sceptile"
    ],
    "typeNames": [
        "grass"
    ],
    "moveData": [
        {
            "moveName": "leer",
            "powerPoints": 30,
            "maxPowerpoints": 30
        }
    ]
}