{
    "itemID": "Aerial Ace55653",
    "itemName": "Aerial Ace",
    "itemType": 16,
    "itemEffect": "",
    "itemDescription": "An attack that never misses.",
    "price": 0,
    "quantity": 1,
    "itemImage": {
        "instanceID": 26478
    },
    "forPartyUse": true,
    "canBeUsedInOverworld": true,
    "canBeUsedInBattle": false,
    "isHeldItem": false,
    "canBeHeld": false,
    "canBeSold": true,
    "isMultiModular": false,
    "hasModules": true,
    "additionalItemInfo": {
        "instanceID": 25122
    },
    "additionalInfoModules": [
        {
            "instanceID": 25122
        }
    ],
    "infoModuleAssetNames": [
        "TM40"
    ],
    "imageDirectory": "flying tm"
}