{
    "itemID": "Bike40097",
    "itemName": "Bike",
    "itemType": 0,
    "itemEffect": "0",
    "itemDescription": "A fast bicycle that realiable",
    "price": 0,
    "quantity": 1,
    "itemImage": {
        "instanceID": 32776
    },
    "forPartyUse": false,
    "canBeUsedInOverworld": true,
    "canBeUsedInBattle": false,
    "isHeldItem": false,
    "canBeHeld": false,
    "canBeSold": false,
    "isMultiModular": false,
    "hasModules": true,
    "additionalItemInfo": {
        "instanceID": 25596
    },
    "additionalInfoModules": [
        {
            "instanceID": 25596
        }
    ],
    "infoModuleAssetNames": [
        "Bike"
    ],
    "imageDirectory": "Bike"
}