{
    "itemID": "Energy Powder64477",
    "itemName": "Energy Powder",
    "itemType": 5,
    "itemEffect": "",
    "itemDescription": "A bitter herb that restores 50 Hp",
    "price": 18,
    "quantity": 1,
    "itemImage": {
        "instanceID": 32808
    },
    "forPartyUse": true,
    "canBeUsedInOverworld": true,
    "canBeUsedInBattle": true,
    "isHeldItem": false,
    "canBeHeld": false,
    "canBeSold": true,
    "isMultiModular": false,
    "hasModules": true,
    "additionalItemInfo": {
        "instanceID": 26554
    },
    "additionalInfoModules": [
        {
            "instanceID": 26554
        }
    ],
    "infoModuleAssetNames": [
        "Energy Powder"
    ],
    "imageDirectory": "Energy Powder"
}