{
    "itemID": "Flamethrower25557",
    "itemName": "Flamethrower",
    "itemType": 16,
    "itemEffect": "",
    "itemDescription": "Scorches with intense flames.",
    "price": 0,
    "quantity": 3,
    "itemImage": {
        "instanceID": 26272
    },
    "forPartyUse": true,
    "canBeUsedInOverworld": true,
    "canBeUsedInBattle": false,
    "isHeldItem": false,
    "canBeHeld": false,
    "canBeSold": true,
    "isMultiModular": false,
    "hasModules": true,
    "additionalInfoModule": {
        "instanceID": 26544
    },
    "additionalInfoModules": [
        {
            "instanceID": 26544
        }
    ],
    "infoModuleAssetNames": [
        "TM35"
    ],
    "imageDirectory": "fire tm"
}