{
    "itemID": "Great Ball53270",
    "itemName": "Great Ball",
    "itemType": 10,
    "itemEffect": "1,5",
    "itemDescription": "50% higher chance to catch compared to pokeball",
    "price": 30,
    "quantity": 5,
    "itemImage": {
        "instanceID": 33848
    },
    "forPartyUse": false,
    "canBeUsedInOverworld": false,
    "canBeUsedInBattle": true,
    "isHeldItem": false,
    "canBeHeld": false,
    "canBeSold": true,
    "isMultiModular": false,
    "hasModules": false,
    "additionalInfoModule": {
        "instanceID": 0
    },
    "additionalInfoModules": [
        {
            "instanceID": 0
        }
    ],
    "infoModuleAssetNames": [],
    "imageDirectory": "Great Ball"
}