{
    "itemID": "Heal Powder60607",
    "itemName": "Heal Powder",
    "itemType": 5,
    "itemEffect": "",
    "itemDescription": "A bitter herb that heals all status effects",
    "price": 18,
    "quantity": 4,
    "itemImage": {
        "instanceID": 32724
    },
    "forPartyUse": true,
    "canBeUsedInOverworld": true,
    "canBeUsedInBattle": true,
    "isHeldItem": false,
    "canBeHeld": false,
    "canBeSold": true,
    "isMultiModular": false,
    "hasModules": true,
    "additionalItemInfo": {
        "instanceID": 26498
    },
    "additionalInfoModules": [
        {
            "instanceID": 26498
        }
    ],
    "infoModuleAssetNames": [
        "Heal Powder"
    ],
    "imageDirectory": "Heal Powder"
}