{
    "itemID": "Hyper Beam46404",
    "itemName": "Hyper Beam",
    "itemType": 16,
    "itemEffect": "",
    "itemDescription": "Powerful attack that requires recharge.",
    "price": 0,
    "quantity": 6,
    "itemImage": {
        "instanceID": 26192
    },
    "forPartyUse": true,
    "canBeUsedInOverworld": true,
    "canBeUsedInBattle": false,
    "isHeldItem": false,
    "canBeHeld": false,
    "canBeSold": true,
    "isMultiModular": false,
    "hasModules": true,
    "additionalInfoModule": {
        "instanceID": 26552
    },
    "additionalInfoModules": [
        {
            "instanceID": 26552
        }
    ],
    "infoModuleAssetNames": [
        "TM15"
    ],
    "imageDirectory": "normal tm"
}