{
    "itemID": "Kelpsy berry34538",
    "itemName": "Kelpsy berry",
    "itemType": 9,
    "itemEffect": "",
    "itemDescription": "Increases a pokemon's friendship but lowers attack",
    "price": 5,
    "quantity": 1,
    "itemImage": {
        "instanceID": 32190
    },
    "forPartyUse": true,
    "canBeUsedInOverworld": true,
    "canBeUsedInBattle": false,
    "isHeldItem": false,
    "canBeHeld": false,
    "canBeSold": true,
    "isMultiModular": true,
    "hasModules": true,
    "additionalInfoModule": {
        "instanceID": 25190
    },
    "additionalInfoModules": [
        {
            "instanceID": 25190
        },
        {
            "instanceID": 26042
        }
    ],
    "infoModuleAssetNames": [
        "Attack",
        "Friendship berry"
    ],
    "imageDirectory": "Kelpsy berry"
}