{
    "itemID": "Lum berry13078",
    "itemName": "Lum berry",
    "itemType": 9,
    "itemEffect": "0",
    "itemDescription": "Heals any status effect",
    "price": 5,
    "quantity": 2,
    "itemImage": {
        "instanceID": 32358
    },
    "forPartyUse": true,
    "canBeUsedInOverworld": true,
    "canBeUsedInBattle": true,
    "isHeldItem": false,
    "canBeHeld": true,
    "canBeSold": true,
    "isMultiModular": false,
    "hasModules": true,
    "additionalInfoModule": {
        "instanceID": 26618
    },
    "additionalInfoModules": [
        {
            "instanceID": 26618
        }
    ],
    "infoModuleAssetNames": [
        "Full heal berry"
    ],
    "imageDirectory": "Lum berry"
}