{
    "itemID": "Old Rod17073",
    "itemName": "Old Rod",
    "itemType": 0,
    "itemEffect": "5/10",
    "itemDescription": "An old fishing rod that only catch weak pokemon",
    "price": 0,
    "quantity": 1,
    "itemImage": {
        "instanceID": 32894
    },
    "forPartyUse": false,
    "canBeUsedInOverworld": true,
    "canBeUsedInBattle": false,
    "isHeldItem": false,
    "canBeHeld": false,
    "canBeSold": false,
    "isMultiModular": false,
    "hasModules": true,
    "additionalInfoModule": {
        "instanceID": 26752
    },
    "additionalInfoModules": [
        {
            "instanceID": 26752
        }
    ],
    "infoModuleAssetNames": [
        "Old Rod"
    ],
    "imageDirectory": "Old Rod"
}