{
    "itemID": "Qualot berry750",
    "itemName": "Qualot berry",
    "itemType": 9,
    "itemEffect": "",
    "itemDescription": "Increases a pokemon's friendship but lowers defense",
    "price": 5,
    "quantity": 1,
    "itemImage": {
        "instanceID": 32190
    },
    "forPartyUse": true,
    "canBeUsedInOverworld": true,
    "canBeUsedInBattle": false,
    "isHeldItem": false,
    "canBeHeld": false,
    "canBeSold": true,
    "isMultiModular": true,
    "hasModules": true,
    "additionalInfoModule": {
        "instanceID": 26582
    },
    "additionalInfoModules": [
        {
            "instanceID": 26582
        },
        {
            "instanceID": 26012
        }
    ],
    "infoModuleAssetNames": [
        "Defense",
        "Friendship berry"
    ],
    "imageDirectory": "Qualot berry"
}