{
    "itemID": "Rain Dance35688",
    "itemName": "Rain Dance",
    "itemType": 16,
    "itemEffect": "",
    "itemDescription": "Creates rain during battle",
    "price": 0,
    "quantity": 2,
    "itemImage": {
        "instanceID": 25688
    },
    "forPartyUse": true,
    "canBeUsedInOverworld": true,
    "canBeUsedInBattle": false,
    "isHeldItem": false,
    "canBeHeld": false,
    "canBeSold": true,
    "isMultiModular": false,
    "hasModules": true,
    "additionalInfoModule": {
        "instanceID": 26170
    },
    "additionalInfoModules": [
        {
            "instanceID": 26170
        }
    ],
    "infoModuleAssetNames": [
        "TM18"
    ],
    "imageDirectory": "water tm"
}