{
    "itemID": "Sandstorm58344",
    "itemName": "Sandstorm",
    "itemType": 16,
    "itemEffect": "",
    "itemDescription": "Causes damage each turn.",
    "price": 0,
    "quantity": 1,
    "itemImage": {
        "instanceID": 25744
    },
    "forPartyUse": true,
    "canBeUsedInOverworld": true,
    "canBeUsedInBattle": false,
    "isHeldItem": false,
    "canBeHeld": false,
    "canBeSold": true,
    "isMultiModular": false,
    "hasModules": true,
    "additionalItemInfo": {
        "instanceID": 25696
    },
    "additionalInfoModules": [
        {
            "instanceID": 25696
        }
    ],
    "infoModuleAssetNames": [
        "TM37"
    ],
    "imageDirectory": "rock tm"
}