{
    "isPlanted": true,
    "minYield": 1,
    "maxYield": 5,
    "currentStageNeedsWater": false,
    "currentStageProgress": 4,
    "minutesSinceLastStage": 0.0,
    "numStagesWatered": 0,
    "itemAssetName": "Tamato berry",
    "berryItem": {
        "instanceID": 26410
    },
    "treeIndex": 17,
    "minutesPerStage": 180,
    "spriteData": [
        {
            "growthStageSprites": [
                {
                    "instanceID": 31864
                },
                {
                    "instanceID": 31864
                }
            ],
            "growthStageNumber": 0
        },
        {
            "growthStageSprites": [
                {
                    "instanceID": 31866
                },
                {
                    "instanceID": 31868
                }
            ],
            "growthStageNumber": 1
        },
        {
            "growthStageSprites": [
                {
                    "instanceID": 32282
                },
                {
                    "instanceID": 32284
                }
            ],
            "growthStageNumber": 2
        },
        {
            "growthStageSprites": [
                {
                    "instanceID": 32286
                },
                {
                    "instanceID": 32288
                }
            ],
            "growthStageNumber": 3
        },
        {
            "growthStageSprites": [
                {
                    "instanceID": 32290
                },
                {
                    "instanceID": 32292
                }
            ],
            "growthStageNumber": 4
        }
    ],
    "lastLogin": "2025-10-23T14:21:56.0608440+02:00"
}