{
    "isPlanted": true,
    "minYield": 1,
    "maxYield": 5,
    "currentStageNeedsWater": false,
    "currentStageProgress": 4,
    "minutesSinceLastStage": 0.0,
    "numStagesWatered": 0,
    "itemAssetName": "Kelpsy berry",
    "berryItem": {
        "instanceID": 25262
    },
    "treeIndex": 19,
    "minutesPerStage": 180,
    "spriteData": [
        {
            "growthStageSprites": [
                {
                    "instanceID": 31864
                },
                {
                    "instanceID": 31864
                }
            ],
            "growthStageNumber": 0
        },
        {
            "growthStageSprites": [
                {
                    "instanceID": 31866
                },
                {
                    "instanceID": 31868
                }
            ],
            "growthStageNumber": 1
        },
        {
            "growthStageSprites": [
                {
                    "instanceID": 32078
                },
                {
                    "instanceID": 32080
                }
            ],
            "growthStageNumber": 2
        },
        {
            "growthStageSprites": [
                {
                    "instanceID": 32082
                },
                {
                    "instanceID": 32084
                }
            ],
            "growthStageNumber": 3
        },
        {
            "growthStageSprites": [
                {
                    "instanceID": 32086
                },
                {
                    "instanceID": 32088
                }
            ],
            "growthStageNumber": 4
        }
    ],
    "lastLogin": "2025-10-23T14:21:56.0612960+02:00"
}