{
    "isPlanted": true,
    "minYield": 2,
    "maxYield": 5,
    "currentStageNeedsWater": true,
    "currentStageProgress": 0,
    "minutesSinceLastStage": 4.0,
    "numStagesWatered": 0,
    "itemAssetName": "Oran berry",
    "berryItem": {
        "instanceID": 25914
    },
    "treeIndex": 11,
    "minutesPerStage": 60,
    "spriteData": [
        {
            "growthStageSprites": [
                {
                    "instanceID": 32166
                },
                {
                    "instanceID": 32166
                }
            ],
            "growthStageNumber": 0
        },
        {
            "growthStageSprites": [
                {
                    "instanceID": 32168
                },
                {
                    "instanceID": 32170
                }
            ],
            "growthStageNumber": 1
        },
        {
            "growthStageSprites": [
                {
                    "instanceID": 32172
                },
                {
                    "instanceID": 32174
                }
            ],
            "growthStageNumber": 2
        },
        {
            "growthStageSprites": [
                {
                    "instanceID": 32176
                },
                {
                    "instanceID": 32178
                }
            ],
            "growthStageNumber": 3
        },
        {
            "growthStageSprites": [
                {
                    "instanceID": 32180
                },
                {
                    "instanceID": 32182
                }
            ],
            "growthStageNumber": 4
        }
    ],
    "lastLogin": "2025-10-10T13:21:15.4226960+02:00"
}