{
    "isPlanted": true,
    "minYield": 2,
    "maxYield": 5,
    "currentStageNeedsWater": false,
    "currentStageProgress": 4,
    "minutesSinceLastStage": 0.0,
    "numStagesWatered": 0,
    "itemAssetName": "Oran berry",
    "berryItem": {
        "instanceID": 26022
    },
    "treeIndex": 3,
    "minutesPerStage": 180,
    "loadedFromJson": true,
    "spriteData": [
        {
            "growthStageSprites": [
                {
                    "instanceID": 32496
                },
                {
                    "instanceID": 32496
                }
            ],
            "growthStageNumber": 0
        },
        {
            "growthStageSprites": [
                {
                    "instanceID": 32498
                },
                {
                    "instanceID": 32500
                }
            ],
            "growthStageNumber": 1
        },
        {
            "growthStageSprites": [
                {
                    "instanceID": 32502
                },
                {
                    "instanceID": 32504
                }
            ],
            "growthStageNumber": 2
        },
        {
            "growthStageSprites": [
                {
                    "instanceID": 32506
                },
                {
                    "instanceID": 32508
                }
            ],
            "growthStageNumber": 3
        },
        {
            "growthStageSprites": [
                {
                    "instanceID": 32510
                },
                {
                    "instanceID": 32512
                }
            ],
            "growthStageNumber": 4
        }
    ],
    "lastLogin": "2025-10-06T11:14:59.8867530+02:00"
}