{
    "isPlanted": true,
    "minYield": 1,
    "maxYield": 5,
    "currentStageNeedsWater": false,
    "currentStageProgress": 4,
    "minutesSinceLastStage": 0.0,
    "numStagesWatered": 0,
    "itemAssetName": "Pomeg berry",
    "berryItem": {
        "instanceID": 26580
    },
    "treeIndex": 14,
    "minutesPerStage": 180,
    "spriteData": [
        {
            "growthStageSprites": [
                {
                    "instanceID": 32166
                },
                {
                    "instanceID": 32166
                }
            ],
            "growthStageNumber": 0
        },
        {
            "growthStageSprites": [
                {
                    "instanceID": 32168
                },
                {
                    "instanceID": 32170
                }
            ],
            "growthStageNumber": 1
        },
        {
            "growthStageSprites": [
                {
                    "instanceID": 33732
                },
                {
                    "instanceID": 33734
                }
            ],
            "growthStageNumber": 2
        },
        {
            "growthStageSprites": [
                {
                    "instanceID": 33736
                },
                {
                    "instanceID": 33738
                }
            ],
            "growthStageNumber": 3
        },
        {
            "growthStageSprites": [
                {
                    "instanceID": 33740
                },
                {
                    "instanceID": 33742
                }
            ],
            "growthStageNumber": 4
        }
    ],
    "lastLogin": "2025-10-10T13:21:15.4241860+02:00"
}