{
    "isPlanted": true,
    "minYield": 2,
    "maxYield": 5,
    "currentStageNeedsWater": false,
    "currentStageProgress": 4,
    "minutesSinceLastStage": 0.0,
    "numStagesWatered": 0,
    "itemAssetName": "Pecha berry",
    "berryItem": {
        "instanceID": 25292
    },
    "treeIndex": 5,
    "minutesPerStage": 45,
    "spriteData": [
        {
            "growthStageSprites": [
                {
                    "instanceID": 32166
                },
                {
                    "instanceID": 32166
                }
            ],
            "growthStageNumber": 0
        },
        {
            "growthStageSprites": [
                {
                    "instanceID": 32168
                },
                {
                    "instanceID": 32170
                }
            ],
            "growthStageNumber": 1
        },
        {
            "growthStageSprites": [
                {
                    "instanceID": 33548
                },
                {
                    "instanceID": 33550
                }
            ],
            "growthStageNumber": 2
        },
        {
            "growthStageSprites": [
                {
                    "instanceID": 33552
                },
                {
                    "instanceID": 33554
                }
            ],
            "growthStageNumber": 3
        },
        {
            "growthStageSprites": [
                {
                    "instanceID": 33556
                },
                {
                    "instanceID": 33558
                }
            ],
            "growthStageNumber": 4
        }
    ],
    "lastLogin": "2025-10-10T13:21:15.4178770+02:00"
}