{
    "isPlanted": true,
    "minYield": 2,
    "maxYield": 5,
    "currentStageNeedsWater": false,
    "currentStageProgress": 4,
    "minutesSinceLastStage": 0.0,
    "numStagesWatered": 0,
    "itemAssetName": "Rawst berry",
    "berryItem": {
        "instanceID": 26088
    },
    "treeIndex": 20,
    "minutesPerStage": 45,
    "spriteData": [
        {
            "growthStageSprites": [
                {
                    "instanceID": 31864
                },
                {
                    "instanceID": 31864
                }
            ],
            "growthStageNumber": 0
        },
        {
            "growthStageSprites": [
                {
                    "instanceID": 31866
                },
                {
                    "instanceID": 31868
                }
            ],
            "growthStageNumber": 1
        },
        {
            "growthStageSprites": [
                {
                    "instanceID": 32362
                },
                {
                    "instanceID": 32364
                }
            ],
            "growthStageNumber": 2
        },
        {
            "growthStageSprites": [
                {
                    "instanceID": 32366
                },
                {
                    "instanceID": 32368
                }
            ],
            "growthStageNumber": 3
        },
        {
            "growthStageSprites": [
                {
                    "instanceID": 32370
                },
                {
                    "instanceID": 32372
                }
            ],
            "growthStageNumber": 4
        }
    ],
    "lastLogin": "2025-10-23T14:21:56.0615200+02:00"
}