{
    "isPlanted": true,
    "minYield": 1,
    "maxYield": 5,
    "currentStageNeedsWater": false,
    "currentStageProgress": 4,
    "minutesSinceLastStage": 0.0,
    "numStagesWatered": 0,
    "itemAssetName": "Grepa berry",
    "berryItem": {
        "instanceID": 26106
    },
    "treeIndex": 21,
    "minutesPerStage": 180,
    "spriteData": [
        {
            "growthStageSprites": [
                {
                    "instanceID": 32166
                },
                {
                    "instanceID": 32166
                }
            ],
            "growthStageNumber": 0
        },
        {
            "growthStageSprites": [
                {
                    "instanceID": 32168
                },
                {
                    "instanceID": 32170
                }
            ],
            "growthStageNumber": 1
        },
        {
            "growthStageSprites": [
                {
                    "instanceID": 33698
                },
                {
                    "instanceID": 33700
                }
            ],
            "growthStageNumber": 2
        },
        {
            "growthStageSprites": [
                {
                    "instanceID": 33702
                },
                {
                    "instanceID": 33704
                }
            ],
            "growthStageNumber": 3
        },
        {
            "growthStageSprites": [
                {
                    "instanceID": 33706
                },
                {
                    "instanceID": 33708
                }
            ],
            "growthStageNumber": 4
        }
    ],
    "lastLogin": "2025-10-10T13:21:15.4273900+02:00"
}