{
    "isPlanted": true,
    "minYield": 1,
    "maxYield": 5,
    "currentStageNeedsWater": false,
    "currentStageProgress": 4,
    "minutesSinceLastStage": 0.0,
    "numStagesWatered": 0,
    "itemAssetName": "Hondew berry",
    "berryItem": {
        "instanceID": 25992
    },
    "treeIndex": 12,
    "minutesPerStage": 180,
    "spriteData": [
        {
            "growthStageSprites": [
                {
                    "instanceID": 32166
                },
                {
                    "instanceID": 32166
                }
            ],
            "growthStageNumber": 0
        },
        {
            "growthStageSprites": [
                {
                    "instanceID": 32168
                },
                {
                    "instanceID": 32170
                }
            ],
            "growthStageNumber": 1
        },
        {
            "growthStageSprites": [
                {
                    "instanceID": 33796
                },
                {
                    "instanceID": 33798
                }
            ],
            "growthStageNumber": 2
        },
        {
            "growthStageSprites": [
                {
                    "instanceID": 33800
                },
                {
                    "instanceID": 33802
                }
            ],
            "growthStageNumber": 3
        },
        {
            "growthStageSprites": [
                {
                    "instanceID": 33804
                },
                {
                    "instanceID": 33806
                }
            ],
            "growthStageNumber": 4
        }
    ],
    "lastLogin": "2025-10-10T13:21:15.4231820+02:00"
}