{
    "isPlanted": true,
    "minYield": 2,
    "maxYield": 5,
    "currentStageNeedsWater": false,
    "currentStageProgress": 4,
    "minutesSinceLastStage": 0.0,
    "numStagesWatered": 0,
    "itemAssetName": "Sitrus berry",
    "berryItem": {
        "instanceID": 25756
    },
    "treeIndex": 33,
    "minutesPerStage": 90,
    "spriteData": [
        {
            "growthStageSprites": [
                {
                    "instanceID": 31864
                },
                {
                    "instanceID": 31864
                }
            ],
            "growthStageNumber": 0
        },
        {
            "growthStageSprites": [
                {
                    "instanceID": 31866
                },
                {
                    "instanceID": 31868
                }
            ],
            "growthStageNumber": 1
        },
        {
            "growthStageSprites": [
                {
                    "instanceID": 32266
                },
                {
                    "instanceID": 32268
                }
            ],
            "growthStageNumber": 2
        },
        {
            "growthStageSprites": [
                {
                    "instanceID": 32270
                },
                {
                    "instanceID": 32272
                }
            ],
            "growthStageNumber": 3
        },
        {
            "growthStageSprites": [
                {
                    "instanceID": 32274
                },
                {
                    "instanceID": 32276
                }
            ],
            "growthStageNumber": 4
        }
    ],
    "lastLogin": "2025-10-23T14:21:56.0645140+02:00"
}