{
    "isPlanted": true,
    "minYield": 2,
    "maxYield": 5,
    "currentStageNeedsWater": false,
    "currentStageProgress": 4,
    "minutesSinceLastStage": 0.0,
    "numStagesWatered": 0,
    "itemAssetName": "Cherri berry",
    "berryItem": {
        "instanceID": 26056
    },
    "treeIndex": 10,
    "minutesPerStage": 45,
    "spriteData": [
        {
            "growthStageSprites": [
                {
                    "instanceID": 31864
                },
                {
                    "instanceID": 31864
                }
            ],
            "growthStageNumber": 0
        },
        {
            "growthStageSprites": [
                {
                    "instanceID": 31866
                },
                {
                    "instanceID": 31868
                }
            ],
            "growthStageNumber": 1
        },
        {
            "growthStageSprites": [
                {
                    "instanceID": 32314
                },
                {
                    "instanceID": 32316
                }
            ],
            "growthStageNumber": 2
        },
        {
            "growthStageSprites": [
                {
                    "instanceID": 32318
                },
                {
                    "instanceID": 32320
                }
            ],
            "growthStageNumber": 3
        },
        {
            "growthStageSprites": [
                {
                    "instanceID": 32322
                },
                {
                    "instanceID": 32324
                }
            ],
            "growthStageNumber": 4
        }
    ],
    "lastLogin": "2025-10-23T14:21:56.0592760+02:00"
}