{
    "isPlanted": true,
    "minYield": 2,
    "maxYield": 5,
    "currentStageNeedsWater": false,
    "currentStageProgress": 4,
    "minutesSinceLastStage": 0.0,
    "numStagesWatered": 0,
    "itemAssetName": "Persim berry",
    "berryItem": {
        "instanceID": 26838
    },
    "treeIndex": 29,
    "minutesPerStage": 60,
    "spriteData": [
        {
            "growthStageSprites": [
                {
                    "instanceID": 32166
                },
                {
                    "instanceID": 32166
                }
            ],
            "growthStageNumber": 0
        },
        {
            "growthStageSprites": [
                {
                    "instanceID": 32168
                },
                {
                    "instanceID": 32170
                }
            ],
            "growthStageNumber": 1
        },
        {
            "growthStageSprites": [
                {
                    "instanceID": 33582
                },
                {
                    "instanceID": 33584
                }
            ],
            "growthStageNumber": 2
        },
        {
            "growthStageSprites": [
                {
                    "instanceID": 33586
                },
                {
                    "instanceID": 33840
                }
            ],
            "growthStageNumber": 3
        },
        {
            "growthStageSprites": [
                {
                    "instanceID": 33842
                },
                {
                    "instanceID": 33844
                }
            ],
            "growthStageNumber": 4
        }
    ],
    "lastLogin": "2025-10-10T13:21:15.4295710+02:00"
}