{
    "itemID": "Oran berry60426",
    "itemName": "Oran berry",
    "itemType": 9,
    "itemEffect": "5",
    "itemDescription": "Heals 5hp",
    "price": 5,
    "quantity": 1,
    "itemImage": {
        "instanceID": 32514
    },
    "forPartyUse": true,
    "canBeUsedInOverworld": true,
    "canBeUsedInBattle": true,
    "isHeldItem": false,
    "canBeHeld": true,
    "canBeSold": true,
    "isMultiModular": false,
    "hasModules": true,
    "additionalInfoModule": {
        "instanceID": 25998
    },
    "additionalInfoModules": [
        {
            "instanceID": 25998
        }
    ],
    "infoModuleAssetNames": [
        "HP berry"
    ],
    "imageDirectory": "Oran berry"
}